hero-birria-tacos	https://d8j0ntlcm91z4.cloudfront.net/user_3IXbRJdKvFxW6NUCY0bko7N7FhC/hf_20260831_010545_1a1a91a4-9e26-401b-b8bc-1dcb3d94bb3e.png	1920
menu-birria-tacos	https://d8j0ntlcm91z4.cloudfront.net/user_3IXbRJdKvFxW6NUCY0bko7N7FhC/hf_20260831_010545_6ab9f99e-1983-43f0-9e29-8a4d3e6aa498.png	800
menu-quesabirria	https://d8j0ntlcm91z4.cloudfront.net/user_3IXbRJdKvFxW6NUCY0bko7N7FhC/hf_20260831_010545_f688b60a-c61e-4972-9f28-7002eebd1edb.png	800
menu-birria-ramen	https://d8j0ntlcm91z4.cloudfront.net/user_3IXbRJdKvFxW6NUCY0bko7N7FhC/hf_20260831_010545_f49b275c-a763-45ac-808d-080b3a97f66a.png	800
menu-chicken-burrito	https://d8j0ntlcm91z4.cloudfront.net/user_3IXbRJdKvFxW6NUCY0bko7N7FhC/hf_20260831_010545_46fe2af6-60c3-4ba2-8af9-c5a881bbc67a.png	800
menu-adobada-burrito	https://d8j0ntlcm91z4.cloudfront.net/user_3IXbRJdKvFxW6NUCY0bko7N7FhC/hf_20260831_010545_7f0da8bd-0c37-49e2-92c8-05b6ea011059.png	800
menu-chorizo-burrito	https://d8j0ntlcm91z4.cloudfront.net/user_3IXbRJdKvFxW6NUCY0bko7N7FhC/hf_20260831_010545_124e940e-1fa3-432a-902c-689c87b28f0b.png	800
menu-carne-asada	https://d8j0ntlcm91z4.cloudfront.net/user_3IXbRJdKvFxW6NUCY0bko7N7FhC/hf_20260831_010547_0ae69f8e-1195-422a-829f-eccb13461aff.png	800
menu-street-tacos	https://d8j0ntlcm91z4.cloudfront.net/user_3IXbRJdKvFxW6NUCY0bko7N7FhC/hf_20260831_010545_b1d62f23-19d9-4207-8d0d-7b6fddcec0b4.png	800
about-handmade-tortillas	https://d8j0ntlcm91z4.cloudfront.net/user_3IXbRJdKvFxW6NUCY0bko7N7FhC/hf_20260831_010545_512b9358-a943-46fa-96a7-82f5a553e4cc.png	760
about-taqueria-griddle	https://d8j0ntlcm91z4.cloudfront.net/user_3IXbRJdKvFxW6NUCY0bko7N7FhC/hf_20260831_010545_6ce1c860-5210-4935-8363-5ed984c3a4d1.png	760
cta-mexican-food-spread	https://d8j0ntlcm91z4.cloudfront.net/user_3IXbRJdKvFxW6NUCY0bko7N7FhC/hf_20260831_010545_80e6c825-f936-4e83-882f-44bb0008426e.png	1920
gallery-birria-consomme	https://d8j0ntlcm91z4.cloudfront.net/user_3IXbRJdKvFxW6NUCY0bko7N7FhC/hf_20260831_010608_b2179363-9424-4456-8e30-5e3ad0419cf9.png	760
gallery-salsas	https://d8j0ntlcm91z4.cloudfront.net/user_3IXbRJdKvFxW6NUCY0bko7N7FhC/hf_20260831_010608_b823b66b-e477-43bf-aedb-24848882479b.png	820
gallery-carne-asada-tacos	https://d8j0ntlcm91z4.cloudfront.net/user_3IXbRJdKvFxW6NUCY0bko7N7FhC/hf_20260831_010609_4fba55ad-5d49-42c5-95ec-cfdbdb8e837d.png	820
gallery-burrito	https://d8j0ntlcm91z4.cloudfront.net/user_3IXbRJdKvFxW6NUCY0bko7N7FhC/hf_20260831_010608_991bc2cc-b7f0-485c-b470-5f1d26f89ac6.png	760
gallery-tortillas-comal	https://d8j0ntlcm91z4.cloudfront.net/user_3IXbRJdKvFxW6NUCY0bko7N7FhC/hf_20260831_010609_04963911-f15f-4078-afe8-1b184668808f.png	820
gallery-taqueria-table	https://d8j0ntlcm91z4.cloudfront.net/user_3IXbRJdKvFxW6NUCY0bko7N7FhC/hf_20260831_010609_552181a7-2bf1-4a37-bef7-25d807db3df0.png	820
